{
	"modification_date": 1746650467,
	"OS": [	"7514893112aac1a97fabf66ee66ba9a0b4ba1389",
			"bb752a3245f7350e8d9ea7d1e682d90fe437fcfb",
			"ad7d14a33a8e65fbf406880891ef0d2591c7e70c"],
	"phones": {
		"iPhone 12": {
			"FH": [ 1.0, 1.0, 1.0 ],
			"LC": [ 0.941700435041488, 0.927710105893709, 0.969679737667234 ],
			"LL": [ 0.925700801961623, 0.922140451630052, 0.961761523444201 ],
			"RC": [ 1.177071713123740, 1.157401298504990, 1.219134122821050 ],
			"RL": [ 1.201398912009720, 1.186470716183570, 1.239608989729110 ],
			"FoV": 58.5
		},
		"iPhone 12 Pro": {
			"FH": [ 1.0, 1.0, 1.0 ],
			"LC": [ 0.941700435041488, 0.927710105893709, 0.969679737667234 ],
			"LL": [ 0.925700801961623, 0.922140451630052, 0.961761523444201 ],
			"RC": [ 1.177071713123740, 1.157401298504990, 1.219134122821050 ],
			"RL": [ 1.201398912009720, 1.186470716183570, 1.239608989729110 ],
			"FoV" : 58.5
		},
		"iPhone 12 Pro Max": {
			"FH": [ 1.0, 1.0, 1.0 ],
			"LC": [ 0.895803330888552, 0.879456408456442, 0.873558998039331 ],
			"LL": [ 0.911024342403688, 0.901638487667569, 0.892089104013008 ],
			"RC": [ 0.920113722753702, 0.911810274436332, 0.901754551630692 ],
			"RL": [ 0.934562831700762, 0.926689564750301, 0.913921288611041 ],
			"FoV" : 58.5
		},
		"iPhone 13": {
			"FH": [ 1.0, 1.0, 1.0 ],
			"LC": [ 1.0, 1.0, 1.0 ],
			"LL": [ 1.0, 1.0, 1.0 ],
			"RC": [ 1.0, 1.0, 1.0 ],
			"RL": [ 1.0, 1.0, 1.0 ],
			"FoV": 57.5
		},
		"iPhone 13 Pro": {
			"FH": [ 1.0, 1.0, 1.0 ],
			"LC": [ 1.0, 1.0, 1.0 ],
			"LL": [ 1.0, 1.0, 1.0 ],
			"RC": [ 1.0, 1.0, 1.0 ],
			"RL": [ 1.0, 1.0, 1.0 ],
			"FoV": 57.5
		},
		"iPhone 13 Pro Max": {
			"FH": [ 1.0, 1.0, 1.0 ],
			"LC": [ 0.895803330888552, 0.879456408456442, 0.873558998039331 ],
			"LL": [ 0.911024342403688, 0.901638487667569, 0.892089104013008 ],
			"RC": [ 0.920113722753702, 0.911810274436332, 0.901754551630692 ],
			"RL": [ 0.934562831700762, 0.926689564750301, 0.913921288611041 ],
			"FoV": 57.5
		},
		"iPhone 14": {
			"FH": [ 1.0, 1.0, 1.0 ],
			"LC": [ 0.874427035759047, 0.862527771981183, 0.898209010788775 ],
			"LL": [ 0.905073751777043, 0.895036765255575, 0.934734250352916 ],
			"RC": [ 0.913709106130407, 0.909828897189491, 0.949082073337867 ],
			"RL": [ 0.956548456658285, 0.956273046230267, 0.995238277004074 ],
			"FoV" : 58.5
		},
		"iPhone 14 Plus": {
			"FH": [ 1.0, 1.0, 1.0 ],
			"LC": [ 0.895803330888552, 0.879456408456442, 0.873558998039331 ],
			"LL": [ 0.911024342403688, 0.901638487667569, 0.892089104013008 ],
			"RC": [ 0.920113722753702, 0.911810274436332, 0.901754551630692 ],
			"RL": [ 0.934562831700762, 0.926689564750301, 0.913921288611041 ],
			"FoV" : 58.5
		},
		"iPhone 14 Pro": {
			"FH": [ 1.0, 1.0, 1.0 ],
			"LC": [ 0.874427035759047, 0.862527771981183, 0.898209010788775 ],
			"LL": [ 0.905073751777043, 0.895036765255575, 0.934734250352916 ],
			"RC": [ 0.913709106130407, 0.909828897189491, 0.949082073337867 ],
			"RL": [ 0.956548456658285, 0.956273046230267, 0.995238277004074 ],
			"FoV" : 58.5
		},
		"iPhone 14 Pro Max": {
			"FH": [ 1.0, 1.0, 1.0 ],
			"LC": [ 0.739984014273571, 0.737550161444878, 0.760304537742348 ],
			"LL": [ 0.753577165974989, 0.742862417290756, 0.780882922543404 ],
			"RC": [ 0.833571587339722, 0.811581316030423, 0.861297321956941 ],
			"RL": [ 0.880461862275256, 0.867744930920417, 0.919934874649152 ],
			"FoV" : 58.5
		},
		"iPhone 15": {
			"FH": [ 1.0, 1.0, 1.0 ],
			"LC": [ 0.874427035759047, 0.862527771981183, 0.898209010788775 ],
			"LL": [ 0.905073751777043, 0.895036765255575, 0.934734250352916 ],
			"RC": [ 0.913709106130407, 0.909828897189491, 0.949082073337867 ],
			"RL": [ 0.956548456658285, 0.956273046230267, 0.995238277004074 ],
			"FoV" : 58.5
		},
		"iPhone 15 Plus": {
			"FH": [ 1.0, 1.0, 1.0 ],
			"LC": [ 0.739984014273571, 0.737550161444878, 0.760304537742348 ],
			"LL": [ 0.753577165974989, 0.742862417290756, 0.780882922543404 ],
			"RC": [ 0.833571587339722, 0.811581316030423, 0.861297321956941 ],
			"RL": [ 0.880461862275256, 0.867744930920417, 0.919934874649152 ],
			"FoV" : 58.5
		},
		"iPhone 15 Pro": {
			"FH": [ 1.0, 1.0, 1.0 ],
			"LC": [ 0.874427035759047, 0.862527771981183, 0.898209010788775 ],
			"LL": [ 0.905073751777043, 0.895036765255575, 0.934734250352916 ],
			"RC": [ 0.913709106130407, 0.909828897189491, 0.949082073337867 ],
			"RL": [ 0.956548456658285, 0.956273046230267, 0.995238277004074 ],
			"FoV" : 58.5
		},
		"iPhone 15 Pro Max": {
			"FH": [ 1.0, 1.0, 1.0 ],
			"LC": [ 0.739984014273571, 0.737550161444878, 0.760304537742348 ],
			"LL": [ 0.753577165974989, 0.742862417290756, 0.780882922543404 ],
			"RC": [ 0.833571587339722, 0.811581316030423, 0.861297321956941 ],
			"RL": [ 0.880461862275256, 0.867744930920417, 0.919934874649152 ],
			"FoV" : 58.5
		},
		"iPhone 16": {
			"FH": [ 1.0, 1.0, 1.0 ],
			"LC": [ 0.874427035759047, 0.862527771981183, 0.898209010788775 ],
			"LL": [ 0.905073751777043, 0.895036765255575, 0.934734250352916 ],
			"RC": [ 0.913709106130407, 0.909828897189491, 0.949082073337867 ],
			"RL": [ 0.956548456658285, 0.956273046230267, 0.995238277004074 ],
			"FoV" : 58.5
		},
		"iPhone 16 Plus": {
			"FH": [ 1.0, 1.0, 1.0 ],
			"LC": [ 0.739984014273571, 0.737550161444878, 0.760304537742348 ],
			"LL": [ 0.753577165974989, 0.742862417290756, 0.780882922543404 ],
			"RC": [ 0.833571587339722, 0.811581316030423, 0.861297321956941 ],
			"RL": [ 0.880461862275256, 0.867744930920417, 0.919934874649152 ],
			"FoV" : 58.5
		},
		"iPhone 16 Pro": {
			"FH": [ 1.0, 1.0, 1.0 ],
			"LC": [ 0.874427035759047, 0.862527771981183, 0.898209010788775 ],
			"LL": [ 0.905073751777043, 0.895036765255575, 0.934734250352916 ],
			"RC": [ 0.913709106130407, 0.909828897189491, 0.949082073337867 ],
			"RL": [ 0.956548456658285, 0.956273046230267, 0.995238277004074 ],
			"FoV" : 58.5
		},
		"iPhone 16 Pro Max": {
			"FH": [ 1.0, 1.0, 1.0 ],
			"LC": [ 0.739984014273571, 0.737550161444878, 0.760304537742348 ],
			"LL": [ 0.753577165974989, 0.742862417290756, 0.780882922543404 ],
			"RC": [ 0.833571587339722, 0.811581316030423, 0.861297321956941 ],
			"RL": [ 0.880461862275256, 0.867744930920417, 0.919934874649152 ],
			"FoV" : 58.5
		},
		"iPad Pro 12.9 inch 5th Gen" : {
			"FH": [ 1.0, 1.0, 1.0 ],
			"LC": [ 1.0, 1.0, 1.0 ],
			"LL": [ 1.0, 1.0, 1.0 ],
			"RC": [ 1.0, 1.0, 1.0 ],
			"RL": [ 1.0, 1.0, 1.0 ],
			"FoV" : 49.0
		}
	}
}
